{"indexes":[],"parameters":{"allowUserKeys":true,"cacheEnabled":false,"cid":"22033","deleted":false,"globallyUniqueId":"hED77DB9A601B/137087","id":"22033","isDisjoint":false,"isSmart":false,"isSmartChild":false,"isSystem":false,"keyOptions":{"allowUserKeys":true,"type":"traditional","lastValue":31},"minReplicationFactor":1,"name":"aaaaa_category_marketing_in_social_web","numberOfShards":1,"planId":"137087","replicationFactor":1,"schema":null,"shardKeys":["_key"],"shards":{},"status":3,"syncByRevision":true,"type":2,"usesRevisionsAsDocumentIds":true,"version":9,"waitForSync":false,"writeConcern":1}}