{"indexes":[],"parameters":{"allowUserKeys":true,"cacheEnabled":false,"cid":"22036","deleted":false,"globallyUniqueId":"hED77DB9A601B/186368","id":"22036","isDisjoint":false,"isSmart":false,"isSmartChild":false,"isSystem":false,"keyOptions":{"allowUserKeys":true,"type":"traditional","lastValue":0},"minReplicationFactor":1,"name":"aaaaa_properties_marketing_in_social_web","numberOfShards":1,"planId":"186368","replicationFactor":1,"schema":null,"shardKeys":["_key"],"shards":{},"status":3,"syncByRevision":true,"type":2,"usesRevisionsAsDocumentIds":true,"version":9,"waitForSync":false,"writeConcern":1}}