{"globallyUniqueId":"hED77DB9A601B/10321834","id":"10321834","name":"categories","type":"arangosearch","cleanupIntervalStep":2,"commitIntervalMsec":1000,"consolidationIntervalMsec":1000,"consolidationPolicy":{"type":"tier","segmentsBytesFloor":2097152,"segmentsBytesMax":5368709120,"segmentsMax":10,"segmentsMin":1,"minScore":0},"primarySort":[],"primarySortCompression":"lz4","storedValues":[],"writebufferActive":0,"writebufferIdle":64,"writebufferSizeMax":33554432,"links":{"aaaaa_category_marketing_in_social_web":{"analyzerDefinitions":[{"name":"identity","type":"identity","properties":{},"features":["norm","frequency"]},{"name":"text_en","type":"text","properties":{"locale":"en.utf-8","case":"lower","stopwords":[],"accent":false,"stemming":true},"features":["position","norm","frequency"]}],"analyzers":["identity","text_en"],"fields":{"name":{}},"includeAllFields":true,"primarySort":[],"primarySortCompression":"lz4","storeValues":"none","storedValues":[],"trackListPositions":false},"aaaab_category_test_cat_1_on_en":{"analyzerDefinitions":[{"name":"identity","type":"identity","properties":{},"features":["norm","frequency"]},{"name":"text_en","type":"text","properties":{"locale":"en.utf-8","case":"lower","stopwords":[],"accent":false,"stemming":true},"features":["position","norm","frequency"]}],"analyzers":["identity","text_en"],"fields":{"name":{}},"includeAllFields":true,"primarySort":[],"primarySortCompression":"lz4","storeValues":"none","storedValues":[],"trackListPositions":false},"aaaac_category_test_cat_2_on_en":{"analyzerDefinitions":[{"name":"identity","type":"identity","properties":{},"features":["norm","frequency"]},{"name":"text_en","type":"text","properties":{"locale":"en.utf-8","case":"lower","stopwords":[],"accent":false,"stemming":true},"features":["position","norm","frequency"]}],"analyzers":["identity","text_en"],"fields":{"name":{}},"includeAllFields":true,"primarySort":[],"primarySortCompression":"lz4","storeValues":"none","storedValues":[],"trackListPositions":false}}}