{"indexes":[],"parameters":{"allowUserKeys":true,"cacheEnabled":false,"cid":"11370645","deleted":false,"globallyUniqueId":"h714F1FD316E/11370645","id":"11370645","isDisjoint":false,"isSmart":false,"isSmartChild":false,"isSystem":false,"keyOptions":{"allowUserKeys":true,"type":"traditional","lastValue":11388923},"minReplicationFactor":1,"name":"group_categories","numberOfShards":1,"planId":"11370645","replicationFactor":1,"schema":null,"shardKeys":["_key"],"shards":{},"status":3,"syncByRevision":true,"type":2,"usesRevisionsAsDocumentIds":true,"version":9,"waitForSync":false,"writeConcern":1}}