{"indexes":[],"parameters":{"allowUserKeys":true,"cacheEnabled":false,"cid":"11370664","deleted":false,"globallyUniqueId":"h714F1FD316E/11370664","id":"11370664","isDisjoint":false,"isSmart":false,"isSmartChild":false,"isSystem":false,"keyOptions":{"allowUserKeys":true,"type":"traditional","lastValue":11470839},"minReplicationFactor":1,"name":"group_categories_edge","numberOfShards":1,"planId":"11370664","replicationFactor":1,"schema":null,"shardKeys":["_key"],"shards":{},"status":3,"syncByRevision":true,"type":3,"usesRevisionsAsDocumentIds":true,"version":9,"waitForSync":false,"writeConcern":1}}