{"indexes":[],"parameters":{"allowUserKeys":true,"cacheEnabled":false,"cid":"22042","deleted":false,"globallyUniqueId":"hED77DB9A601B/616145","id":"22042","isDisjoint":false,"isSmart":false,"isSmartChild":false,"isSystem":false,"keyOptions":{"allowUserKeys":true,"type":"traditional","lastValue":0},"minReplicationFactor":1,"name":"search_by_company","numberOfShards":1,"planId":"616145","replicationFactor":1,"schema":null,"shardKeys":["_key"],"shards":{},"status":3,"syncByRevision":true,"type":2,"usesRevisionsAsDocumentIds":true,"version":9,"waitForSync":false,"writeConcern":1}}